{
  "GetCategory" : {
    "transaction" : "GetCategory",
    "sampleCount" : 100,
    "errorCount" : 0,
    "errorPct" : 0.0,
    "meanResTime" : 1660.4900000000005,
    "medianResTime" : 1663.0,
    "minResTime" : 1335.0,
    "maxResTime" : 2084.0,
    "pct1ResTime" : 1836.8,
    "pct2ResTime" : 1875.0499999999997,
    "pct3ResTime" : 2083.54,
    "throughput" : 47.98464491362764,
    "receivedKBytesPerSec" : 41.78319187859885,
    "sentKBytesPerSec" : 7.029000719769673
  },
  "CategoryJoke" : {
    "transaction" : "CategoryJoke",
    "sampleCount" : 100,
    "errorCount" : 9,
    "errorPct" : 9.0,
    "meanResTime" : 226.23000000000005,
    "medianResTime" : 202.0,
    "minResTime" : 107.0,
    "maxResTime" : 487.0,
    "pct1ResTime" : 365.20000000000005,
    "pct2ResTime" : 477.84999999999997,
    "pct3ResTime" : 486.96999999999997,
    "throughput" : 170.35775127768312,
    "receivedKBytesPerSec" : 184.35237436115844,
    "sentKBytesPerSec" : 26.86794612436116
  },
  "RandomJoke" : {
    "transaction" : "RandomJoke",
    "sampleCount" : 100,
    "errorCount" : 0,
    "errorPct" : 0.0,
    "meanResTime" : 262.26000000000005,
    "medianResTime" : 270.0,
    "minResTime" : 125.0,
    "maxResTime" : 451.0,
    "pct1ResTime" : 336.9,
    "pct2ResTime" : 350.84999999999997,
    "pct3ResTime" : 450.8099999999999,
    "throughput" : 157.72870662460568,
    "receivedKBytesPerSec" : 172.32631358438485,
    "sentKBytesPerSec" : 22.488663249211356
  },
  "Total" : {
    "transaction" : "Total",
    "sampleCount" : 300,
    "errorCount" : 9,
    "errorPct" : 3.0,
    "meanResTime" : 716.326666666667,
    "medianResTime" : 302.0,
    "minResTime" : 107.0,
    "maxResTime" : 2084.0,
    "pct1ResTime" : 1759.0,
    "pct2ResTime" : 1822.6,
    "pct3ResTime" : 1914.97,
    "throughput" : 117.14174150722374,
    "receivedKBytesPerSec" : 118.91678970616947,
    "sentKBytesPerSec" : 17.445425370948847
  }
}